country,method,seed,bags,within,within_ci_low,within_ci_high,municipalities_scored,pooled,auroc_top_quartile,tokens_scored
colombia,zero-shot,0,573,0.3494450667798965,0.3494450667798965,0.3494450667798965,1,0.3494450667798965,0.7048426817499247,12687
colombia,aggregates,0,573,0.1950650618894389,0.1950650618894389,0.1950650618894389,1,0.1950650618894389,0.6240429429674251,12687
colombia,aggregates,1,573,0.19385620269756157,0.19385620269756157,0.19385620269756157,1,0.19385620269756157,0.6240672383731691,12687
colombia,aggregates,2,573,0.1957337963777605,0.1957337963777605,0.1957337963777605,1,0.1957337963777605,0.6310779028519926,12687
colombia,aggregates@50,0,573,0.16911992639519327,0.16911992639519327,0.16911992639519327,1,0.16911992639519327,0.6323742643374701,12687
colombia,aggregates@50,1,573,0.030266928102037467,0.030266928102037467,0.030266928102037467,1,0.030266928102037467,0.5444110984764529,12687
colombia,aggregates@50,2,573,0.23581355582237473,0.23581355582237473,0.23581355582237473,1,0.23581355582237473,0.6612043761471268,12687
colombia,aggregates@100,0,573,0.18196646048739956,0.18196646048739956,0.18196646048739956,1,0.18196646048739956,0.6338489535775012,12687
colombia,aggregates@100,1,573,0.07799184463722203,0.07799184463722203,0.07799184463722203,1,0.07799184463722203,0.5663396525997838,12687
colombia,aggregates@100,2,573,0.25831129790328367,0.25831129790328367,0.25831129790328367,1,0.25831129790328367,0.6715829257962282,12687
colombia,aggregates@200,0,573,0.21474725861318414,0.21474725861318414,0.21474725861318414,1,0.21474725861318414,0.6408511879694178,12687
colombia,aggregates@200,1,573,0.20653056230760622,0.20653056230760622,0.20653056230760622,1,0.20653056230760622,0.6537076726514524,12687
colombia,aggregates@200,2,573,0.3162496332609922,0.3162496332609922,0.3162496332609922,1,0.3162496332609922,0.6918081572976722,12687
colombia,aggregates@400,0,573,0.18463439690279682,0.18463439690279682,0.18463439690279682,1,0.18463439690279682,0.6263192496950376,12687
colombia,aggregates@400,1,573,0.16512477073260332,0.16512477073260332,0.16512477073260332,1,0.16512477073260332,0.6119282273920124,12687
colombia,aggregates@400,2,573,0.29158111674180803,0.29158111674180803,0.29158111674180803,1,0.29158111674180803,0.6793872227424267,12687
colombia,mexico-init,0,573,0.2996090354522881,0.2996090354522881,0.2996090354522881,1,0.2996090354522881,0.6857147883778528,12687
colombia,mexico-init,1,573,0.3615092164688612,0.3615092164688612,0.3615092164688612,1,0.3615092164688612,0.7195168057447743,12687
colombia,mexico-init,2,573,0.35351235620641586,0.35351235620641586,0.35351235620641586,1,0.35351235620641586,0.709297288899759,12687
colombia,oracle,0,573,0.7391009847514265,0.7391009847514265,0.7391009847514265,1,0.7391009847514265,0.8989165688959848,12687
colombia,oracle,1,573,0.7414120173158683,0.7414120173158683,0.7414120173158683,1,0.7414120173158683,0.8957646327066114,12687
colombia,oracle,2,573,0.7200907211994947,0.7200907211994947,0.7200907211994947,1,0.7200907211994947,0.8903510246299389,12687
brazil,zero-shot,0,1351,0.06831015081530425,0.05878940364911432,0.07882263277461829,1347,0.24480054650517186,0.629084388633043,1187439
brazil,aggregates,0,1351,0.054784007528787045,0.04842003581512347,0.06107097343806171,1347,0.22443642316521137,0.6317632069277437,1187439
brazil,aggregates,1,1351,0.0564359558925544,0.05023270110758341,0.06278583195832749,1347,0.2336464507170924,0.6349393521024537,1187439
brazil,aggregates,2,1351,0.05824593873977917,0.05208132480767328,0.06465665192251996,1347,0.23065113897614983,0.6341669374075541,1187439
brazil,aggregates@50,0,1351,0.03853331537367606,0.030672863005547474,0.046618421208464995,1347,0.22972687467608113,0.6465447247823002,1187439
brazil,aggregates@50,1,1351,0.09255427514144222,0.08394956010174426,0.10215463714229195,1347,0.29182898487209397,0.6715568922317529,1187439
brazil,aggregates@50,2,1351,0.01501110316728742,0.0055677521361195215,0.0253575727990474,1347,0.23510814438174613,0.6487529521025075,1187439
brazil,aggregates@100,0,1351,0.06357628745459735,0.055490767157706476,0.07160714175984097,1347,0.27124474148994665,0.6602963462491617,1187439
brazil,aggregates@100,1,1351,0.045842738625921815,0.03760027315325476,0.05435360000004422,1347,0.24719007762319264,0.6537784333842459,1187439
brazil,aggregates@100,2,1351,0.053475327763234354,0.04466398131837496,0.06297376614900832,1347,0.2726316789637339,0.6630567699979644,1187439
brazil,aggregates@200,0,1351,0.05878861018489096,0.05133469178153999,0.06672351811636636,1347,0.25037475710773943,0.6466669805713318,1187439
brazil,aggregates@200,1,1351,0.054789657312603664,0.04836622899390695,0.06169899824539621,1347,0.25412004521431875,0.6578582533849159,1187439
brazil,aggregates@200,2,1351,0.06056382546213617,0.05329084439480643,0.06809391164043278,1347,0.25982826172688817,0.6522726885699278,1187439
brazil,aggregates@400,0,1351,0.05629758970912974,0.0491845716833419,0.06347076743421161,1347,0.24214671108485533,0.6389148644932597,1187439
brazil,aggregates@400,1,1351,0.07012901528871571,0.06348153969719005,0.0771758867710233,1347,0.24033675552778452,0.6440330853201668,1187439
brazil,aggregates@400,2,1351,0.05963504199875672,0.052363287874255926,0.06627221841770171,1347,0.25260875136720345,0.647181008093096,1187439
brazil,mexico-init,0,1351,0.07908219748292104,0.0702187220359925,0.08726092066072642,1347,0.3155085821411474,0.6797950848706571,1187439
brazil,mexico-init,1,1351,0.0742354511492048,0.06634541178906202,0.08177686243434579,1347,0.2836508487297468,0.6623478434839403,1187439
brazil,mexico-init,2,1351,0.0725968766670962,0.0650426040741733,0.08003512932712284,1347,0.274012026590077,0.656236776106035,1187439
brazil,oracle,0,1351,0.2459300160967614,0.2364216197579794,0.25557291838572277,1347,0.5290783023989162,0.7921019268042953,1187439
brazil,oracle,1,1351,0.25205317298644225,0.24137157890843874,0.26224819556835505,1347,0.547675120008541,0.801035756452988,1187439
brazil,oracle,2,1351,0.255507858680963,0.24493067537941093,0.2655474369453454,1347,0.5456681803051914,0.7975292032575632,1187439
